{
"name": "JQuery Clock Plug-in",
"title": "JQuery Clock Plug-in",
"description": "jQuery plugin for live analog clock",
"keywords": [
"clock",
"jquery",
"analog"        
],
"version": "1.0.1",
"author": {
"name": "michele de falco",
"url": "https://github.com/MicheleDeF"
},
"maintainers": [
{
"name": "Michele De Falco",
"email": "defalco_michele@libero.it",
"url": "https://github.com/MicheleDeF"
}
],
"licenses": [
{
"type": "MIT",
"url": "https://raw.githubusercontent.com/MicheleDeF/jquery.clock.js/master/LICENSE"

}
],

"homepage": "https://github.com/MicheleDeF/jquery.clock.js",
"docs": "https://github.com/MicheleDeF/jquery.clock.js/blob/master/README.md",
"download": "https://github.com/MicheleDeF/jquery.clock.js/archive/master.zip",
"dependencies": {
"jquery": ">=1.5"
}
}
